,m,connected,bipartite,n_t,n_b,density,k_t,k_b,m_t,n_t_om,density_t,k_t_om,m_b,n_b_om,density_b,k_b_om,rc_t_density,rc_t_ncomponents,rc_t_slcc,rc_b_density,rc_b_ncomponents,rc_b_slcc
FullyUniform,200000.0,True,True,1000.0,200.0,1.0,200.0,1000.0,499500.0,1000.0,1.0,999.0,19900.0,200.0,1.0,199.0,1.0,1.0,1.0,1.0,1.0,1.0
HighUniform,160156.0,True,True,1000.0,200.0,0.80078,,,499500.0,1000.0,1.0,999.0,19900.0,200.0,1.0,199.0,0.6412485885885889,0.7251751751751752,0.7251751751751752,0.6412570351758794,0.6729045226130652,0.6728944723618089
2Cluster,,True,True,1000.0,200.0,,,,499500.0,1000.0,1.0,999.0,15412.0,200.0,0.7744723618090452,154.12,0.4973323323323301,0.6646646646646646,0.4998298298298275,0.44113065326632744,0.663316582914549,0.663316582914549
